anc.org/MASC/coinco.tgz,https://github.com/nancyide/anc-website/releases/download/datasets-2026-09-25/coinco.tgz,301,FALSE,FALSE,FALSE,FALSE
www.anc.org/MASC/coinco.tgz,https://github.com/nancyide/anc-website/releases/download/datasets-2026-09-25/coinco.tgz,301,FALSE,FALSE,FALSE,FALSE
anc.org/MASC/download/MASC-1.0.2.tgz,https://github.com/nancyide/anc-website/releases/download/datasets-2026-09-25/MASC-1.0.2.tgz,301,FALSE,FALSE,FALSE,FALSE
www.anc.org/MASC/download/MASC-1.0.2.tgz,https://github.com/nancyide/anc-website/releases/download/datasets-2026-09-25/MASC-1.0.2.tgz,301,FALSE,FALSE,FALSE,FALSE
anc.org/MASC/download/MASC-1.0.2.zip,https://github.com/nancyide/anc-website/releases/download/datasets-2026-09-25/MASC-1.0.2.zip,301,FALSE,FALSE,FALSE,FALSE
www.anc.org/MASC/download/MASC-1.0.2.zip,https://github.com/nancyide/anc-website/releases/download/datasets-2026-09-25/MASC-1.0.2.zip,301,FALSE,FALSE,FALSE,FALSE
anc.org/MASC/download/MASC-1.0.3.tgz,https://github.com/nancyide/anc-website/releases/download/datasets-2026-09-25/MASC-1.0.3.tgz,301,FALSE,FALSE,FALSE,FALSE
www.anc.org/MASC/download/MASC-1.0.3.tgz,https://github.com/nancyide/anc-website/releases/download/datasets-2026-09-25/MASC-1.0.3.tgz,301,FALSE,FALSE,FALSE,FALSE
anc.org/MASC/download/MASC-1.0.3.zip,https://github.com/nancyide/anc-website/releases/download/datasets-2026-09-25/MASC-1.0.3.zip,301,FALSE,FALSE,FALSE,FALSE
www.anc.org/MASC/download/MASC-1.0.3.zip,https://github.com/nancyide/anc-website/releases/download/datasets-2026-09-25/MASC-1.0.3.zip,301,FALSE,FALSE,FALSE,FALSE
anc.org/MASC/download/MASC-3.0.0.tgz,https://github.com/nancyide/anc-website/releases/download/datasets-2026-09-25/MASC-3.0.0.tgz,301,FALSE,FALSE,FALSE,FALSE
www.anc.org/MASC/download/MASC-3.0.0.tgz,https://github.com/nancyide/anc-website/releases/download/datasets-2026-09-25/MASC-3.0.0.tgz,301,FALSE,FALSE,FALSE,FALSE
anc.org/MASC/download/MASC-3.0.0.zip,https://github.com/nancyide/anc-website/releases/download/datasets-2026-09-25/MASC-3.0.0.zip,301,FALSE,FALSE,FALSE,FALSE
www.anc.org/MASC/download/MASC-3.0.0.zip,https://github.com/nancyide/anc-website/releases/download/datasets-2026-09-25/MASC-3.0.0.zip,301,FALSE,FALSE,FALSE,FALSE
anc.org/MASC/download/MASC1.tgz,https://github.com/nancyide/anc-website/releases/download/datasets-2026-09-25/MASC1.tgz,301,FALSE,FALSE,FALSE,FALSE
www.anc.org/MASC/download/MASC1.tgz,https://github.com/nancyide/anc-website/releases/download/datasets-2026-09-25/MASC1.tgz,301,FALSE,FALSE,FALSE,FALSE
anc.org/MASC/download/MASC1.zip,https://github.com/nancyide/anc-website/releases/download/datasets-2026-09-25/MASC1.zip,301,FALSE,FALSE,FALSE,FALSE
www.anc.org/MASC/download/MASC1.zip,https://github.com/nancyide/anc-website/releases/download/datasets-2026-09-25/MASC1.zip,301,FALSE,FALSE,FALSE,FALSE
anc.org/MASC/download/MASC_AMT_RELEASE_1.0.tar.gz,https://github.com/nancyide/anc-website/releases/download/datasets-2026-09-25/MASC_AMT_RELEASE_1.0.tar.gz,301,FALSE,FALSE,FALSE,FALSE
www.anc.org/MASC/download/MASC_AMT_RELEASE_1.0.tar.gz,https://github.com/nancyide/anc-website/releases/download/datasets-2026-09-25/MASC_AMT_RELEASE_1.0.tar.gz,301,FALSE,FALSE,FALSE,FALSE
anc.org/MASC/download/MASC_AMT_RELEASE_1.0.zip,https://github.com/nancyide/anc-website/releases/download/datasets-2026-09-25/MASC_AMT_RELEASE_1.0.zip,301,FALSE,FALSE,FALSE,FALSE
www.anc.org/MASC/download/MASC_AMT_RELEASE_1.0.zip,https://github.com/nancyide/anc-website/releases/download/datasets-2026-09-25/MASC_AMT_RELEASE_1.0.zip,301,FALSE,FALSE,FALSE,FALSE
anc.org/MASC/download/Mini-MASC.tgz,https://github.com/nancyide/anc-website/releases/download/datasets-2026-09-25/Mini-MASC.tgz,301,FALSE,FALSE,FALSE,FALSE
www.anc.org/MASC/download/Mini-MASC.tgz,https://github.com/nancyide/anc-website/releases/download/datasets-2026-09-25/Mini-MASC.tgz,301,FALSE,FALSE,FALSE,FALSE
anc.org/MASC/download/Mini-MASC.zip,https://github.com/nancyide/anc-website/releases/download/datasets-2026-09-25/Mini-MASC.zip,301,FALSE,FALSE,FALSE,FALSE
www.anc.org/MASC/download/Mini-MASC.zip,https://github.com/nancyide/anc-website/releases/download/datasets-2026-09-25/Mini-MASC.zip,301,FALSE,FALSE,FALSE,FALSE
anc.org/MASC/download/Propbank-original-format.tgz,https://github.com/nancyide/anc-website/releases/download/datasets-2026-09-25/Propbank-original-format.tgz,301,FALSE,FALSE,FALSE,FALSE
www.anc.org/MASC/download/Propbank-original-format.tgz,https://github.com/nancyide/anc-website/releases/download/datasets-2026-09-25/Propbank-original-format.tgz,301,FALSE,FALSE,FALSE,FALSE
anc.org/MASC/download/Propbank-original-format.zip,https://github.com/nancyide/anc-website/releases/download/datasets-2026-09-25/Propbank-original-format.zip,301,FALSE,FALSE,FALSE,FALSE
www.anc.org/MASC/download/Propbank-original-format.zip,https://github.com/nancyide/anc-website/releases/download/datasets-2026-09-25/Propbank-original-format.zip,301,FALSE,FALSE,FALSE,FALSE
anc.org/MASC/download/masc-conll.tgz,https://github.com/nancyide/anc-website/releases/download/datasets-2026-09-25/masc-conll.tgz,301,FALSE,FALSE,FALSE,FALSE
www.anc.org/MASC/download/masc-conll.tgz,https://github.com/nancyide/anc-website/releases/download/datasets-2026-09-25/masc-conll.tgz,301,FALSE,FALSE,FALSE,FALSE
anc.org/MASC/download/masc-conll.zip,https://github.com/nancyide/anc-website/releases/download/datasets-2026-09-25/masc-conll.zip,301,FALSE,FALSE,FALSE,FALSE
www.anc.org/MASC/download/masc-conll.zip,https://github.com/nancyide/anc-website/releases/download/datasets-2026-09-25/masc-conll.zip,301,FALSE,FALSE,FALSE,FALSE
anc.org/MASC/download/masc_500k_texts.tgz,https://github.com/nancyide/anc-website/releases/download/datasets-2026-09-25/masc_500k_texts.tgz,301,FALSE,FALSE,FALSE,FALSE
www.anc.org/MASC/download/masc_500k_texts.tgz,https://github.com/nancyide/anc-website/releases/download/datasets-2026-09-25/masc_500k_texts.tgz,301,FALSE,FALSE,FALSE,FALSE
anc.org/MASC/download/masc_500k_texts.zip,https://github.com/nancyide/anc-website/releases/download/datasets-2026-09-25/masc_500k_texts.zip,301,FALSE,FALSE,FALSE,FALSE
www.anc.org/MASC/download/masc_500k_texts.zip,https://github.com/nancyide/anc-website/releases/download/datasets-2026-09-25/masc_500k_texts.zip,301,FALSE,FALSE,FALSE,FALSE
anc.org/MASC/download/masc_wordsense.tgz,https://github.com/nancyide/anc-website/releases/download/datasets-2026-09-25/masc_wordsense.tgz,301,FALSE,FALSE,FALSE,FALSE
www.anc.org/MASC/download/masc_wordsense.tgz,https://github.com/nancyide/anc-website/releases/download/datasets-2026-09-25/masc_wordsense.tgz,301,FALSE,FALSE,FALSE,FALSE
anc.org/MASC/download/masc_wordsense.zip,https://github.com/nancyide/anc-website/releases/download/datasets-2026-09-25/masc_wordsense.zip,301,FALSE,FALSE,FALSE,FALSE
www.anc.org/MASC/download/masc_wordsense.zip,https://github.com/nancyide/anc-website/releases/download/datasets-2026-09-25/masc_wordsense.zip,301,FALSE,FALSE,FALSE,FALSE
anc.org/MASC/download/penn-treebank.tgz,https://github.com/nancyide/anc-website/releases/download/datasets-2026-09-25/penn-treebank.tgz,301,FALSE,FALSE,FALSE,FALSE
www.anc.org/MASC/download/penn-treebank.tgz,https://github.com/nancyide/anc-website/releases/download/datasets-2026-09-25/penn-treebank.tgz,301,FALSE,FALSE,FALSE,FALSE
anc.org/MASC/download/penn-treebank.zip,https://github.com/nancyide/anc-website/releases/download/datasets-2026-09-25/penn-treebank.zip,301,FALSE,FALSE,FALSE,FALSE
www.anc.org/MASC/download/penn-treebank.zip,https://github.com/nancyide/anc-website/releases/download/datasets-2026-09-25/penn-treebank.zip,301,FALSE,FALSE,FALSE,FALSE
anc.org/OANC/OANC-1.0.1-UTF8.zip,https://github.com/nancyide/anc-website/releases/download/datasets-2026-09-25/OANC-1.0.1-UTF8.zip,301,FALSE,FALSE,FALSE,FALSE
www.anc.org/OANC/OANC-1.0.1-UTF8.zip,https://github.com/nancyide/anc-website/releases/download/datasets-2026-09-25/OANC-1.0.1-UTF8.zip,301,FALSE,FALSE,FALSE,FALSE
anc.org/OANC/OANC-installer.jar,https://github.com/nancyide/anc-website/releases/download/datasets-2026-09-25/OANC-installer.jar,301,FALSE,FALSE,FALSE,FALSE
www.anc.org/OANC/OANC-installer.jar,https://github.com/nancyide/anc-website/releases/download/datasets-2026-09-25/OANC-installer.jar,301,FALSE,FALSE,FALSE,FALSE
anc.org/OANC/OANC_GrAF.tgz,https://github.com/nancyide/anc-website/releases/download/datasets-2026-09-25/OANC_GrAF.tgz,301,FALSE,FALSE,FALSE,FALSE
www.anc.org/OANC/OANC_GrAF.tgz,https://github.com/nancyide/anc-website/releases/download/datasets-2026-09-25/OANC_GrAF.tgz,301,FALSE,FALSE,FALSE,FALSE
anc.org/OANC/OANC_GrAF.zip,https://github.com/nancyide/anc-website/releases/download/datasets-2026-09-25/OANC_GrAF.zip,301,FALSE,FALSE,FALSE,FALSE
www.anc.org/OANC/OANC_GrAF.zip,https://github.com/nancyide/anc-website/releases/download/datasets-2026-09-25/OANC_GrAF.zip,301,FALSE,FALSE,FALSE,FALSE
anc.org/SecondRelease/data/ANC-all-count.zip,https://github.com/nancyide/anc-website/releases/download/datasets-2026-09-25/ANC-all-count.zip,301,FALSE,FALSE,FALSE,FALSE
www.anc.org/SecondRelease/data/ANC-all-count.zip,https://github.com/nancyide/anc-website/releases/download/datasets-2026-09-25/ANC-all-count.zip,301,FALSE,FALSE,FALSE,FALSE
anc.org/SecondRelease/data/ANC-all-lemma.zip,https://github.com/nancyide/anc-website/releases/download/datasets-2026-09-25/ANC-all-lemma.zip,301,FALSE,FALSE,FALSE,FALSE
www.anc.org/SecondRelease/data/ANC-all-lemma.zip,https://github.com/nancyide/anc-website/releases/download/datasets-2026-09-25/ANC-all-lemma.zip,301,FALSE,FALSE,FALSE,FALSE
anc.org/SecondRelease/data/ANC-spoken-count.zip,https://github.com/nancyide/anc-website/releases/download/datasets-2026-09-25/ANC-spoken-count.zip,301,FALSE,FALSE,FALSE,FALSE
www.anc.org/SecondRelease/data/ANC-spoken-count.zip,https://github.com/nancyide/anc-website/releases/download/datasets-2026-09-25/ANC-spoken-count.zip,301,FALSE,FALSE,FALSE,FALSE
anc.org/SecondRelease/data/ANC-spoken-lemma.zip,https://github.com/nancyide/anc-website/releases/download/datasets-2026-09-25/ANC-spoken-lemma.zip,301,FALSE,FALSE,FALSE,FALSE
www.anc.org/SecondRelease/data/ANC-spoken-lemma.zip,https://github.com/nancyide/anc-website/releases/download/datasets-2026-09-25/ANC-spoken-lemma.zip,301,FALSE,FALSE,FALSE,FALSE
anc.org/SecondRelease/data/ANC-token-count.zip,https://github.com/nancyide/anc-website/releases/download/datasets-2026-09-25/ANC-token-count.zip,301,FALSE,FALSE,FALSE,FALSE
www.anc.org/SecondRelease/data/ANC-token-count.zip,https://github.com/nancyide/anc-website/releases/download/datasets-2026-09-25/ANC-token-count.zip,301,FALSE,FALSE,FALSE,FALSE
anc.org/SecondRelease/data/ANC-token-word.zip,https://github.com/nancyide/anc-website/releases/download/datasets-2026-09-25/ANC-token-word.zip,301,FALSE,FALSE,FALSE,FALSE
www.anc.org/SecondRelease/data/ANC-token-word.zip,https://github.com/nancyide/anc-website/releases/download/datasets-2026-09-25/ANC-token-word.zip,301,FALSE,FALSE,FALSE,FALSE
anc.org/SecondRelease/data/ANC-written-count.zip,https://github.com/nancyide/anc-website/releases/download/datasets-2026-09-25/ANC-written-count.zip,301,FALSE,FALSE,FALSE,FALSE
www.anc.org/SecondRelease/data/ANC-written-count.zip,https://github.com/nancyide/anc-website/releases/download/datasets-2026-09-25/ANC-written-count.zip,301,FALSE,FALSE,FALSE,FALSE
anc.org/SecondRelease/data/ANC-written-lemma.zip,https://github.com/nancyide/anc-website/releases/download/datasets-2026-09-25/ANC-written-lemma.zip,301,FALSE,FALSE,FALSE,FALSE
www.anc.org/SecondRelease/data/ANC-written-lemma.zip,https://github.com/nancyide/anc-website/releases/download/datasets-2026-09-25/ANC-written-lemma.zip,301,FALSE,FALSE,FALSE,FALSE
anc.org/annotations/OANC-bbn-entities.tgz,https://github.com/nancyide/anc-website/releases/download/datasets-2026-09-25/OANC-bbn-entities.tgz,301,FALSE,FALSE,FALSE,FALSE
www.anc.org/annotations/OANC-bbn-entities.tgz,https://github.com/nancyide/anc-website/releases/download/datasets-2026-09-25/OANC-bbn-entities.tgz,301,FALSE,FALSE,FALSE,FALSE
anc.org/annotations/OANC-bbn-entities.zip,https://github.com/nancyide/anc-website/releases/download/datasets-2026-09-25/OANC-bbn-entities.zip,301,FALSE,FALSE,FALSE,FALSE
www.anc.org/annotations/OANC-bbn-entities.zip,https://github.com/nancyide/anc-website/releases/download/datasets-2026-09-25/OANC-bbn-entities.zip,301,FALSE,FALSE,FALSE,FALSE
anc.org/annotations/OANC-parses.tgz,https://github.com/nancyide/anc-website/releases/download/datasets-2026-09-25/OANC-parses.tgz,301,FALSE,FALSE,FALSE,FALSE
www.anc.org/annotations/OANC-parses.tgz,https://github.com/nancyide/anc-website/releases/download/datasets-2026-09-25/OANC-parses.tgz,301,FALSE,FALSE,FALSE,FALSE
anc.org/annotations/OANC-parses.zip,https://github.com/nancyide/anc-website/releases/download/datasets-2026-09-25/OANC-parses.zip,301,FALSE,FALSE,FALSE,FALSE
www.anc.org/annotations/OANC-parses.zip,https://github.com/nancyide/anc-website/releases/download/datasets-2026-09-25/OANC-parses.zip,301,FALSE,FALSE,FALSE,FALSE
anc.org/masc/coinco.tgz,https://github.com/nancyide/anc-website/releases/download/datasets-2026-09-25/coinco.tgz,301,FALSE,FALSE,FALSE,FALSE
www.anc.org/masc/coinco.tgz,https://github.com/nancyide/anc-website/releases/download/datasets-2026-09-25/coinco.tgz,301,FALSE,FALSE,FALSE,FALSE
anc.org/masc/download/MASC-1.0.2.tgz,https://github.com/nancyide/anc-website/releases/download/datasets-2026-09-25/MASC-1.0.2.tgz,301,FALSE,FALSE,FALSE,FALSE
www.anc.org/masc/download/MASC-1.0.2.tgz,https://github.com/nancyide/anc-website/releases/download/datasets-2026-09-25/MASC-1.0.2.tgz,301,FALSE,FALSE,FALSE,FALSE
anc.org/masc/download/MASC-1.0.2.zip,https://github.com/nancyide/anc-website/releases/download/datasets-2026-09-25/MASC-1.0.2.zip,301,FALSE,FALSE,FALSE,FALSE
www.anc.org/masc/download/MASC-1.0.2.zip,https://github.com/nancyide/anc-website/releases/download/datasets-2026-09-25/MASC-1.0.2.zip,301,FALSE,FALSE,FALSE,FALSE
anc.org/masc/download/MASC-1.0.3.tgz,https://github.com/nancyide/anc-website/releases/download/datasets-2026-09-25/MASC-1.0.3.tgz,301,FALSE,FALSE,FALSE,FALSE
www.anc.org/masc/download/MASC-1.0.3.tgz,https://github.com/nancyide/anc-website/releases/download/datasets-2026-09-25/MASC-1.0.3.tgz,301,FALSE,FALSE,FALSE,FALSE
anc.org/masc/download/MASC-1.0.3.zip,https://github.com/nancyide/anc-website/releases/download/datasets-2026-09-25/MASC-1.0.3.zip,301,FALSE,FALSE,FALSE,FALSE
www.anc.org/masc/download/MASC-1.0.3.zip,https://github.com/nancyide/anc-website/releases/download/datasets-2026-09-25/MASC-1.0.3.zip,301,FALSE,FALSE,FALSE,FALSE
anc.org/masc/download/MASC-3.0.0.tgz,https://github.com/nancyide/anc-website/releases/download/datasets-2026-09-25/MASC-3.0.0.tgz,301,FALSE,FALSE,FALSE,FALSE
www.anc.org/masc/download/MASC-3.0.0.tgz,https://github.com/nancyide/anc-website/releases/download/datasets-2026-09-25/MASC-3.0.0.tgz,301,FALSE,FALSE,FALSE,FALSE
anc.org/masc/download/MASC-3.0.0.zip,https://github.com/nancyide/anc-website/releases/download/datasets-2026-09-25/MASC-3.0.0.zip,301,FALSE,FALSE,FALSE,FALSE
www.anc.org/masc/download/MASC-3.0.0.zip,https://github.com/nancyide/anc-website/releases/download/datasets-2026-09-25/MASC-3.0.0.zip,301,FALSE,FALSE,FALSE,FALSE
anc.org/masc/download/MASC1.tgz,https://github.com/nancyide/anc-website/releases/download/datasets-2026-09-25/MASC1.tgz,301,FALSE,FALSE,FALSE,FALSE
www.anc.org/masc/download/MASC1.tgz,https://github.com/nancyide/anc-website/releases/download/datasets-2026-09-25/MASC1.tgz,301,FALSE,FALSE,FALSE,FALSE
anc.org/masc/download/MASC1.zip,https://github.com/nancyide/anc-website/releases/download/datasets-2026-09-25/MASC1.zip,301,FALSE,FALSE,FALSE,FALSE
www.anc.org/masc/download/MASC1.zip,https://github.com/nancyide/anc-website/releases/download/datasets-2026-09-25/MASC1.zip,301,FALSE,FALSE,FALSE,FALSE
anc.org/masc/download/MASC_AMT_RELEASE_1.0.tar.gz,https://github.com/nancyide/anc-website/releases/download/datasets-2026-09-25/MASC_AMT_RELEASE_1.0.tar.gz,301,FALSE,FALSE,FALSE,FALSE
www.anc.org/masc/download/MASC_AMT_RELEASE_1.0.tar.gz,https://github.com/nancyide/anc-website/releases/download/datasets-2026-09-25/MASC_AMT_RELEASE_1.0.tar.gz,301,FALSE,FALSE,FALSE,FALSE
anc.org/masc/download/MASC_AMT_RELEASE_1.0.zip,https://github.com/nancyide/anc-website/releases/download/datasets-2026-09-25/MASC_AMT_RELEASE_1.0.zip,301,FALSE,FALSE,FALSE,FALSE
www.anc.org/masc/download/MASC_AMT_RELEASE_1.0.zip,https://github.com/nancyide/anc-website/releases/download/datasets-2026-09-25/MASC_AMT_RELEASE_1.0.zip,301,FALSE,FALSE,FALSE,FALSE
anc.org/masc/download/Mini-MASC.tgz,https://github.com/nancyide/anc-website/releases/download/datasets-2026-09-25/Mini-MASC.tgz,301,FALSE,FALSE,FALSE,FALSE
www.anc.org/masc/download/Mini-MASC.tgz,https://github.com/nancyide/anc-website/releases/download/datasets-2026-09-25/Mini-MASC.tgz,301,FALSE,FALSE,FALSE,FALSE
anc.org/masc/download/Mini-MASC.zip,https://github.com/nancyide/anc-website/releases/download/datasets-2026-09-25/Mini-MASC.zip,301,FALSE,FALSE,FALSE,FALSE
www.anc.org/masc/download/Mini-MASC.zip,https://github.com/nancyide/anc-website/releases/download/datasets-2026-09-25/Mini-MASC.zip,301,FALSE,FALSE,FALSE,FALSE
anc.org/masc/download/Propbank-original-format.tgz,https://github.com/nancyide/anc-website/releases/download/datasets-2026-09-25/Propbank-original-format.tgz,301,FALSE,FALSE,FALSE,FALSE
www.anc.org/masc/download/Propbank-original-format.tgz,https://github.com/nancyide/anc-website/releases/download/datasets-2026-09-25/Propbank-original-format.tgz,301,FALSE,FALSE,FALSE,FALSE
anc.org/masc/download/Propbank-original-format.zip,https://github.com/nancyide/anc-website/releases/download/datasets-2026-09-25/Propbank-original-format.zip,301,FALSE,FALSE,FALSE,FALSE
www.anc.org/masc/download/Propbank-original-format.zip,https://github.com/nancyide/anc-website/releases/download/datasets-2026-09-25/Propbank-original-format.zip,301,FALSE,FALSE,FALSE,FALSE
anc.org/masc/download/masc-conll.tgz,https://github.com/nancyide/anc-website/releases/download/datasets-2026-09-25/masc-conll.tgz,301,FALSE,FALSE,FALSE,FALSE
www.anc.org/masc/download/masc-conll.tgz,https://github.com/nancyide/anc-website/releases/download/datasets-2026-09-25/masc-conll.tgz,301,FALSE,FALSE,FALSE,FALSE
anc.org/masc/download/masc-conll.zip,https://github.com/nancyide/anc-website/releases/download/datasets-2026-09-25/masc-conll.zip,301,FALSE,FALSE,FALSE,FALSE
www.anc.org/masc/download/masc-conll.zip,https://github.com/nancyide/anc-website/releases/download/datasets-2026-09-25/masc-conll.zip,301,FALSE,FALSE,FALSE,FALSE
anc.org/masc/download/masc_500k_texts.tgz,https://github.com/nancyide/anc-website/releases/download/datasets-2026-09-25/masc_500k_texts.tgz,301,FALSE,FALSE,FALSE,FALSE
www.anc.org/masc/download/masc_500k_texts.tgz,https://github.com/nancyide/anc-website/releases/download/datasets-2026-09-25/masc_500k_texts.tgz,301,FALSE,FALSE,FALSE,FALSE
anc.org/masc/download/masc_500k_texts.zip,https://github.com/nancyide/anc-website/releases/download/datasets-2026-09-25/masc_500k_texts.zip,301,FALSE,FALSE,FALSE,FALSE
www.anc.org/masc/download/masc_500k_texts.zip,https://github.com/nancyide/anc-website/releases/download/datasets-2026-09-25/masc_500k_texts.zip,301,FALSE,FALSE,FALSE,FALSE
anc.org/masc/download/masc_wordsense.tgz,https://github.com/nancyide/anc-website/releases/download/datasets-2026-09-25/masc_wordsense.tgz,301,FALSE,FALSE,FALSE,FALSE
www.anc.org/masc/download/masc_wordsense.tgz,https://github.com/nancyide/anc-website/releases/download/datasets-2026-09-25/masc_wordsense.tgz,301,FALSE,FALSE,FALSE,FALSE
anc.org/masc/download/masc_wordsense.zip,https://github.com/nancyide/anc-website/releases/download/datasets-2026-09-25/masc_wordsense.zip,301,FALSE,FALSE,FALSE,FALSE
www.anc.org/masc/download/masc_wordsense.zip,https://github.com/nancyide/anc-website/releases/download/datasets-2026-09-25/masc_wordsense.zip,301,FALSE,FALSE,FALSE,FALSE
anc.org/masc/download/penn-treebank.tgz,https://github.com/nancyide/anc-website/releases/download/datasets-2026-09-25/penn-treebank.tgz,301,FALSE,FALSE,FALSE,FALSE
www.anc.org/masc/download/penn-treebank.tgz,https://github.com/nancyide/anc-website/releases/download/datasets-2026-09-25/penn-treebank.tgz,301,FALSE,FALSE,FALSE,FALSE
anc.org/masc/download/penn-treebank.zip,https://github.com/nancyide/anc-website/releases/download/datasets-2026-09-25/penn-treebank.zip,301,FALSE,FALSE,FALSE,FALSE
www.anc.org/masc/download/penn-treebank.zip,https://github.com/nancyide/anc-website/releases/download/datasets-2026-09-25/penn-treebank.zip,301,FALSE,FALSE,FALSE,FALSE
anc.org/oanc/OANC-1.0.1-UTF8.zip,https://github.com/nancyide/anc-website/releases/download/datasets-2026-09-25/OANC-1.0.1-UTF8.zip,301,FALSE,FALSE,FALSE,FALSE
www.anc.org/oanc/OANC-1.0.1-UTF8.zip,https://github.com/nancyide/anc-website/releases/download/datasets-2026-09-25/OANC-1.0.1-UTF8.zip,301,FALSE,FALSE,FALSE,FALSE
anc.org/oanc/OANC-installer.jar,https://github.com/nancyide/anc-website/releases/download/datasets-2026-09-25/OANC-installer.jar,301,FALSE,FALSE,FALSE,FALSE
www.anc.org/oanc/OANC-installer.jar,https://github.com/nancyide/anc-website/releases/download/datasets-2026-09-25/OANC-installer.jar,301,FALSE,FALSE,FALSE,FALSE
anc.org/oanc/OANC_GrAF.tgz,https://github.com/nancyide/anc-website/releases/download/datasets-2026-09-25/OANC_GrAF.tgz,301,FALSE,FALSE,FALSE,FALSE
www.anc.org/oanc/OANC_GrAF.tgz,https://github.com/nancyide/anc-website/releases/download/datasets-2026-09-25/OANC_GrAF.tgz,301,FALSE,FALSE,FALSE,FALSE
anc.org/oanc/OANC_GrAF.zip,https://github.com/nancyide/anc-website/releases/download/datasets-2026-09-25/OANC_GrAF.zip,301,FALSE,FALSE,FALSE,FALSE
www.anc.org/oanc/OANC_GrAF.zip,https://github.com/nancyide/anc-website/releases/download/datasets-2026-09-25/OANC_GrAF.zip,301,FALSE,FALSE,FALSE,FALSE
anc.org/tools/ANC.zip,https://github.com/nancyide/anc-website/releases/download/datasets-2026-09-25/ANC.zip,301,FALSE,FALSE,FALSE,FALSE
www.anc.org/tools/ANC.zip,https://github.com/nancyide/anc-website/releases/download/datasets-2026-09-25/ANC.zip,301,FALSE,FALSE,FALSE,FALSE
anc.org/tools/ANCFileConversion-jar.zip,https://github.com/nancyide/anc-website/releases/download/datasets-2026-09-25/ANCFileConversion-jar.zip,301,FALSE,FALSE,FALSE,FALSE
www.anc.org/tools/ANCFileConversion-jar.zip,https://github.com/nancyide/anc-website/releases/download/datasets-2026-09-25/ANCFileConversion-jar.zip,301,FALSE,FALSE,FALSE,FALSE
anc.org/tools/ANCTool-2.0.0-dist.tar.gz,https://github.com/nancyide/anc-website/releases/download/datasets-2026-09-25/ANCTool-2.0.0-dist.tar.gz,301,FALSE,FALSE,FALSE,FALSE
www.anc.org/tools/ANCTool-2.0.0-dist.tar.gz,https://github.com/nancyide/anc-website/releases/download/datasets-2026-09-25/ANCTool-2.0.0-dist.tar.gz,301,FALSE,FALSE,FALSE,FALSE
anc.org/tools/ANCTool-2.0.0-dist.zip,https://github.com/nancyide/anc-website/releases/download/datasets-2026-09-25/ANCTool-2.0.0-dist.zip,301,FALSE,FALSE,FALSE,FALSE
www.anc.org/tools/ANCTool-2.0.0-dist.zip,https://github.com/nancyide/anc-website/releases/download/datasets-2026-09-25/ANCTool-2.0.0-dist.zip,301,FALSE,FALSE,FALSE,FALSE
anc.org/tools/ANCTool-2.0.0-win.zip,https://github.com/nancyide/anc-website/releases/download/datasets-2026-09-25/ANCTool-2.0.0-win.zip,301,FALSE,FALSE,FALSE,FALSE
www.anc.org/tools/ANCTool-2.0.0-win.zip,https://github.com/nancyide/anc-website/releases/download/datasets-2026-09-25/ANCTool-2.0.0-win.zip,301,FALSE,FALSE,FALSE,FALSE
anc.org/tools/ANCTool-2.0.0.dmg,https://github.com/nancyide/anc-website/releases/download/datasets-2026-09-25/ANCTool-2.0.0.dmg,301,FALSE,FALSE,FALSE,FALSE
www.anc.org/tools/ANCTool-2.0.0.dmg,https://github.com/nancyide/anc-website/releases/download/datasets-2026-09-25/ANCTool-2.0.0.dmg,301,FALSE,FALSE,FALSE,FALSE
anc.org/tools/ANCTool-3.0.2.zip,https://github.com/nancyide/anc-website/releases/download/datasets-2026-09-25/ANCTool-3.0.2.zip,301,FALSE,FALSE,FALSE,FALSE
www.anc.org/tools/ANCTool-3.0.2.zip,https://github.com/nancyide/anc-website/releases/download/datasets-2026-09-25/ANCTool-3.0.2.zip,301,FALSE,FALSE,FALSE,FALSE
anc.org/tools/GateTools-2.1.tar.gz,https://github.com/nancyide/anc-website/releases/download/datasets-2026-09-25/GateTools-2.1.tar.gz,301,FALSE,FALSE,FALSE,FALSE
www.anc.org/tools/GateTools-2.1.tar.gz,https://github.com/nancyide/anc-website/releases/download/datasets-2026-09-25/GateTools-2.1.tar.gz,301,FALSE,FALSE,FALSE,FALSE
anc.org/tools/GateTools-2.1.zip,https://github.com/nancyide/anc-website/releases/download/datasets-2026-09-25/GateTools-2.1.zip,301,FALSE,FALSE,FALSE,FALSE
www.anc.org/tools/GateTools-2.1.zip,https://github.com/nancyide/anc-website/releases/download/datasets-2026-09-25/GateTools-2.1.zip,301,FALSE,FALSE,FALSE,FALSE
anc.org/tools/UimaUtils-2.0.1-javadoc.jar,https://github.com/nancyide/anc-website/releases/download/datasets-2026-09-25/UimaUtils-2.0.1-javadoc.jar,301,FALSE,FALSE,FALSE,FALSE
www.anc.org/tools/UimaUtils-2.0.1-javadoc.jar,https://github.com/nancyide/anc-website/releases/download/datasets-2026-09-25/UimaUtils-2.0.1-javadoc.jar,301,FALSE,FALSE,FALSE,FALSE
anc.org/tools/UimaUtils-2.0.1-sources.jar,https://github.com/nancyide/anc-website/releases/download/datasets-2026-09-25/UimaUtils-2.0.1-sources.jar,301,FALSE,FALSE,FALSE,FALSE
www.anc.org/tools/UimaUtils-2.0.1-sources.jar,https://github.com/nancyide/anc-website/releases/download/datasets-2026-09-25/UimaUtils-2.0.1-sources.jar,301,FALSE,FALSE,FALSE,FALSE
anc.org/tools/UimaUtils-2.0.1.jar,https://github.com/nancyide/anc-website/releases/download/datasets-2026-09-25/UimaUtils-2.0.1.jar,301,FALSE,FALSE,FALSE,FALSE
www.anc.org/tools/UimaUtils-2.0.1.jar,https://github.com/nancyide/anc-website/releases/download/datasets-2026-09-25/UimaUtils-2.0.1.jar,301,FALSE,FALSE,FALSE,FALSE
anc.org/tools/org.xces.graf.uima-utils-1.0.0.jar,https://github.com/nancyide/anc-website/releases/download/datasets-2026-09-25/org.xces.graf.uima-utils-1.0.0.jar,301,FALSE,FALSE,FALSE,FALSE
www.anc.org/tools/org.xces.graf.uima-utils-1.0.0.jar,https://github.com/nancyide/anc-website/releases/download/datasets-2026-09-25/org.xces.graf.uima-utils-1.0.0.jar,301,FALSE,FALSE,FALSE,FALSE
anc.org/tools/xces-parser-doc.zip,https://github.com/nancyide/anc-website/releases/download/datasets-2026-09-25/xces-parser-doc.zip,301,FALSE,FALSE,FALSE,FALSE
www.anc.org/tools/xces-parser-doc.zip,https://github.com/nancyide/anc-website/releases/download/datasets-2026-09-25/xces-parser-doc.zip,301,FALSE,FALSE,FALSE,FALSE
anc.org/tools/xces-parser.zip,https://github.com/nancyide/anc-website/releases/download/datasets-2026-09-25/xces-parser.zip,301,FALSE,FALSE,FALSE,FALSE
www.anc.org/tools/xces-parser.zip,https://github.com/nancyide/anc-website/releases/download/datasets-2026-09-25/xces-parser.zip,301,FALSE,FALSE,FALSE,FALSE
anc.org/updates/C5/C5-standard.jar,https://github.com/nancyide/anc-website/releases/download/datasets-2026-09-25/C5-standard.jar,301,FALSE,FALSE,FALSE,FALSE
www.anc.org/updates/C5/C5-standard.jar,https://github.com/nancyide/anc-website/releases/download/datasets-2026-09-25/C5-standard.jar,301,FALSE,FALSE,FALSE,FALSE
anc.org/updates/C5/C5-web.jar,https://github.com/nancyide/anc-website/releases/download/datasets-2026-09-25/C5-web.jar,301,FALSE,FALSE,FALSE,FALSE
www.anc.org/updates/C5/C5-web.jar,https://github.com/nancyide/anc-website/releases/download/datasets-2026-09-25/C5-web.jar,301,FALSE,FALSE,FALSE,FALSE
anc.org/updates/C7/C7-standard.jar,https://github.com/nancyide/anc-website/releases/download/datasets-2026-09-25/C7-standard.jar,301,FALSE,FALSE,FALSE,FALSE
www.anc.org/updates/C7/C7-standard.jar,https://github.com/nancyide/anc-website/releases/download/datasets-2026-09-25/C7-standard.jar,301,FALSE,FALSE,FALSE,FALSE
anc.org/updates/C7/C7-web.jar,https://github.com/nancyide/anc-website/releases/download/datasets-2026-09-25/C7-web.jar,301,FALSE,FALSE,FALSE,FALSE
www.anc.org/updates/C7/C7-web.jar,https://github.com/nancyide/anc-website/releases/download/datasets-2026-09-25/C7-web.jar,301,FALSE,FALSE,FALSE,FALSE
anc.org/updates/slate-coref/Slate-coref-install.jar,https://github.com/nancyide/anc-website/releases/download/datasets-2026-09-25/Slate-coref-install.jar,301,FALSE,FALSE,FALSE,FALSE
www.anc.org/updates/slate-coref/Slate-coref-install.jar,https://github.com/nancyide/anc-website/releases/download/datasets-2026-09-25/Slate-coref-install.jar,301,FALSE,FALSE,FALSE,FALSE
